text,created_at,event
Sample message 638 about event topic,2024-01-01 00:00:00,12
Sample message 744 about event topic,2024-01-01 00:00:00,35
Sample message 965 about event topic,2024-01-01 00:00:00,6
Sample message 207 about event topic,2024-01-01 01:00:00,29
Sample message 262 about event topic,2024-01-01 01:00:00,15
Sample message 68 about event topic,2024-01-01 01:00:00,9
Sample message 870 about event topic,2024-01-01 02:00:00,14
Sample message 942 about event topic,2024-01-01 03:00:00,18
Sample message 822 about event topic,2024-01-01 04:00:00,23
Sample message 413 about event topic,2024-01-01 04:00:00,49
Sample message 710 about event topic,2024-01-01 04:00:00,18
Sample message 127 about event topic,2024-01-01 04:00:00,27
Sample message 938 about event topic,2024-01-01 05:00:00,11
Sample message 869 about event topic,2024-01-01 06:00:00,31
Sample message 683 about event topic,2024-01-01 07:00:00,29
Sample message 850 about event topic,2024-01-01 07:00:00,45
Sample message 269 about event topic,2024-01-01 08:00:00,17
Sample message 588 about event topic,2024-01-01 08:00:00,34
Sample message 975 about event topic,2024-01-01 09:00:00,27
Sample message 707 about event topic,2024-01-01 09:00:00,34
Sample message 677 about event topic,2024-01-01 11:00:00,30
Sample message 505 about event topic,2024-01-01 11:00:00,44
Sample message 979 about event topic,2024-01-01 12:00:00,49
Sample message 53 about event topic,2024-01-01 13:00:00,29
Sample message 94 about event topic,2024-01-01 14:00:00,4
Sample message 133 about event topic,2024-01-01 14:00:00,40
Sample message 876 about event topic,2024-01-01 14:00:00,9
Sample message 483 about event topic,2024-01-01 15:00:00,34
Sample message 334 about event topic,2024-01-01 16:00:00,17
Sample message 359 about event topic,2024-01-01 17:00:00,9
Sample message 549 about event topic,2024-01-01 18:00:00,14
Sample message 384 about event topic,2024-01-01 19:00:00,21
Sample message 47 about event topic,2024-01-01 20:00:00,7
Sample message 6 about event topic,2024-01-01 20:00:00,40
Sample message 313 about event topic,2024-01-01 21:00:00,16
Sample message 29 about event topic,2024-01-01 21:00:00,37
Sample message 734 about event topic,2024-01-01 22:00:00,9
Sample message 473 about event topic,2024-01-01 22:00:00,29
Sample message 892 about event topic,2024-01-02 00:00:00,1
Sample message 567 about event topic,2024-01-02 00:00:00,6
Sample message 848 about event topic,2024-01-02 01:00:00,29
Sample message 952 about event topic,2024-01-02 01:00:00,17
Sample message 321 about event topic,2024-01-02 02:00:00,8
Sample message 158 about event topic,2024-01-02 03:00:00,10
Sample message 880 about event topic,2024-01-02 03:00:00,32
Sample message 113 about event topic,2024-01-02 03:00:00,32
Sample message 860 about event topic,2024-01-02 03:00:00,40
Sample message 602 about event topic,2024-01-02 04:00:00,46
Sample message 308 about event topic,2024-01-02 08:00:00,45
Sample message 116 about event topic,2024-01-02 08:00:00,42
Sample message 751 about event topic,2024-01-02 09:00:00,5
Sample message 903 about event topic,2024-01-02 09:00:00,39
Sample message 63 about event topic,2024-01-02 10:00:00,3
Sample message 510 about event topic,2024-01-02 10:00:00,41
Sample message 382 about event topic,2024-01-02 11:00:00,46
Sample message 147 about event topic,2024-01-02 11:00:00,14
Sample message 267 about event topic,2024-01-02 12:00:00,30
Sample message 537 about event topic,2024-01-02 12:00:00,2
Sample message 343 about event topic,2024-01-02 12:00:00,24
Sample message 315 about event topic,2024-01-02 13:00:00,8
Sample message 882 about event topic,2024-01-02 14:00:00,32
Sample message 375 about event topic,2024-01-02 14:00:00,10
Sample message 574 about event topic,2024-01-02 14:00:00,9
Sample message 626 about event topic,2024-01-02 14:00:00,33
Sample message 934 about event topic,2024-01-02 15:00:00,10
Sample message 92 about event topic,2024-01-02 16:00:00,42
Sample message 112 about event topic,2024-01-02 16:00:00,24
Sample message 693 about event topic,2024-01-02 16:00:00,38
Sample message 577 about event topic,2024-01-02 17:00:00,25
Sample message 803 about event topic,2024-01-02 18:00:00,17
Sample message 501 about event topic,2024-01-02 18:00:00,12
Sample message 339 about event topic,2024-01-02 21:00:00,37
Sample message 833 about event topic,2024-01-02 21:00:00,19
Sample message 838 about event topic,2024-01-02 22:00:00,21
Sample message 665 about event topic,2024-01-02 22:00:00,12
Sample message 460 about event topic,2024-01-02 22:00:00,21
Sample message 417 about event topic,2024-01-02 22:00:00,29
Sample message 845 about event topic,2024-01-02 23:00:00,7
Sample message 117 about event topic,2024-01-02 23:00:00,11
Sample message 332 about event topic,2024-01-03 00:00:00,10
Sample message 745 about event topic,2024-01-03 02:00:00,34
Sample message 393 about event topic,2024-01-03 02:00:00,16
Sample message 820 about event topic,2024-01-03 02:00:00,28
Sample message 87 about event topic,2024-01-03 04:00:00,26
Sample message 799 about event topic,2024-01-03 04:00:00,48
Sample message 216 about event topic,2024-01-03 04:00:00,1
Sample message 410 about event topic,2024-01-03 04:00:00,38
Sample message 406 about event topic,2024-01-03 05:00:00,42
Sample message 277 about event topic,2024-01-03 05:00:00,47
Sample message 763 about event topic,2024-01-03 05:00:00,16
Sample message 857 about event topic,2024-01-03 07:00:00,24
Sample message 842 about event topic,2024-01-03 07:00:00,10
Sample message 633 about event topic,2024-01-03 09:00:00,25
Sample message 428 about event topic,2024-01-03 09:00:00,46
Sample message 649 about event topic,2024-01-03 09:00:00,39
Sample message 435 about event topic,2024-01-03 09:00:00,20
Sample message 33 about event topic,2024-01-03 10:00:00,32
Sample message 818 about event topic,2024-01-03 12:00:00,6
Sample message 544 about event topic,2024-01-03 13:00:00,36
Sample message 719 about event topic,2024-01-03 14:00:00,29
Sample message 101 about event topic,2024-01-03 14:00:00,7
Sample message 713 about event topic,2024-01-03 16:00:00,9
Sample message 95 about event topic,2024-01-03 16:00:00,19
Sample message 895 about event topic,2024-01-03 18:00:00,25
Sample message 797 about event topic,2024-01-03 20:00:00,33
Sample message 459 about event topic,2024-01-03 20:00:00,20
Sample message 564 about event topic,2024-01-03 20:00:00,12
Sample message 617 about event topic,2024-01-03 21:00:00,33
Sample message 754 about event topic,2024-01-03 23:00:00,31
Sample message 4 about event topic,2024-01-03 23:00:00,7
Sample message 836 about event topic,2024-01-04 00:00:00,37
Sample message 589 about event topic,2024-01-04 01:00:00,19
Sample message 772 about event topic,2024-01-04 02:00:00,31
Sample message 521 about event topic,2024-01-04 02:00:00,28
Sample message 941 about event topic,2024-01-04 02:00:00,44
Sample message 555 about event topic,2024-01-04 03:00:00,11
Sample message 451 about event topic,2024-01-04 03:00:00,46
Sample message 835 about event topic,2024-01-04 05:00:00,8
Sample message 742 about event topic,2024-01-04 05:00:00,28
Sample message 861 about event topic,2024-01-04 05:00:00,7
Sample message 655 about event topic,2024-01-04 07:00:00,32
Sample message 65 about event topic,2024-01-04 08:00:00,1
Sample message 204 about event topic,2024-01-04 08:00:00,48
Sample message 790 about event topic,2024-01-04 08:00:00,5
Sample message 739 about event topic,2024-01-04 10:00:00,49
Sample message 741 about event topic,2024-01-04 12:00:00,46
Sample message 152 about event topic,2024-01-04 13:00:00,9
Sample message 885 about event topic,2024-01-04 13:00:00,12
Sample message 455 about event topic,2024-01-04 13:00:00,6
Sample message 13 about event topic,2024-01-04 15:00:00,4
Sample message 966 about event topic,2024-01-04 17:00:00,11
Sample message 687 about event topic,2024-01-04 17:00:00,35
Sample message 511 about event topic,2024-01-04 17:00:00,33
Sample message 623 about event topic,2024-01-04 18:00:00,24
Sample message 391 about event topic,2024-01-04 19:00:00,34
Sample message 58 about event topic,2024-01-04 19:00:00,37
Sample message 816 about event topic,2024-01-04 20:00:00,45
Sample message 461 about event topic,2024-01-04 21:00:00,6
Sample message 990 about event topic,2024-01-04 22:00:00,5
Sample message 753 about event topic,2024-01-04 22:00:00,14
Sample message 807 about event topic,2024-01-04 22:00:00,26
Sample message 140 about event topic,2024-01-04 23:00:00,20
Sample message 438 about event topic,2024-01-04 23:00:00,36
Sample message 533 about event topic,2024-01-04 23:00:00,4
Sample message 778 about event topic,2024-01-05 01:00:00,10
Sample message 565 about event topic,2024-01-05 02:00:00,33
Sample message 271 about event topic,2024-01-05 02:00:00,9
Sample message 121 about event topic,2024-01-05 02:00:00,3
Sample message 350 about event topic,2024-01-05 02:00:00,26
Sample message 291 about event topic,2024-01-05 02:00:00,22
Sample message 725 about event topic,2024-01-05 02:00:00,31
Sample message 531 about event topic,2024-01-05 02:00:00,38
Sample message 342 about event topic,2024-01-05 02:00:00,36
Sample message 475 about event topic,2024-01-05 03:00:00,34
Sample message 15 about event topic,2024-01-05 03:00:00,13
Sample message 774 about event topic,2024-01-05 06:00:00,46
Sample message 0 about event topic,2024-01-05 06:00:00,0
Sample message 414 about event topic,2024-01-05 06:00:00,36
Sample message 371 about event topic,2024-01-05 07:00:00,28
Sample message 285 about event topic,2024-01-05 07:00:00,4
Sample message 724 about event topic,2024-01-05 08:00:00,19
Sample message 71 about event topic,2024-01-05 09:00:00,12
Sample message 788 about event topic,2024-01-05 09:00:00,36
Sample message 422 about event topic,2024-01-05 09:00:00,36
Sample message 844 about event topic,2024-01-05 10:00:00,16
Sample message 3 about event topic,2024-01-05 10:00:00,28
Sample message 897 about event topic,2024-01-05 12:00:00,49
Sample message 575 about event topic,2024-01-05 12:00:00,42
Sample message 899 about event topic,2024-01-05 14:00:00,33
Sample message 901 about event topic,2024-01-05 14:00:00,43
Sample message 804 about event topic,2024-01-05 14:00:00,14
Sample message 288 about event topic,2024-01-05 15:00:00,41
Sample message 193 about event topic,2024-01-05 16:00:00,48
Sample message 206 about event topic,2024-01-05 16:00:00,28
Sample message 962 about event topic,2024-01-05 16:00:00,28
Sample message 201 about event topic,2024-01-05 16:00:00,31
Sample message 515 about event topic,2024-01-05 18:00:00,17
Sample message 352 about event topic,2024-01-05 19:00:00,5
Sample message 647 about event topic,2024-01-05 20:00:00,28
Sample message 431 about event topic,2024-01-05 20:00:00,23
Sample message 959 about event topic,2024-01-05 21:00:00,27
Sample message 760 about event topic,2024-01-05 21:00:00,33
Sample message 944 about event topic,2024-01-05 21:00:00,35
Sample message 440 about event topic,2024-01-05 21:00:00,5
Sample message 711 about event topic,2024-01-05 22:00:00,29
Sample message 426 about event topic,2024-01-05 23:00:00,9
Sample message 278 about event topic,2024-01-05 23:00:00,18
Sample message 839 about event topic,2024-01-06 00:00:00,1
Sample message 8 about event topic,2024-01-06 01:00:00,13
Sample message 684 about event topic,2024-01-06 01:00:00,38
Sample message 225 about event topic,2024-01-06 02:00:00,28
Sample message 235 about event topic,2024-01-06 03:00:00,22
Sample message 398 about event topic,2024-01-06 04:00:00,25
Sample message 627 about event topic,2024-01-06 05:00:00,23
Sample message 887 about event topic,2024-01-06 05:00:00,32
Sample message 802 about event topic,2024-01-06 05:00:00,11
Sample message 432 about event topic,2024-01-06 06:00:00,18
Sample message 358 about event topic,2024-01-06 07:00:00,6
Sample message 98 about event topic,2024-01-06 08:00:00,39
Sample message 215 about event topic,2024-01-06 09:00:00,49
Sample message 274 about event topic,2024-01-06 10:00:00,22
Sample message 44 about event topic,2024-01-06 10:00:00,5
Sample message 17 about event topic,2024-01-06 10:00:00,3
Sample message 616 about event topic,2024-01-06 11:00:00,24
Sample message 582 about event topic,2024-01-06 12:00:00,4
Sample message 791 about event topic,2024-01-06 12:00:00,18
Sample message 648 about event topic,2024-01-06 13:00:00,2
Sample message 304 about event topic,2024-01-06 14:00:00,23
Sample message 114 about event topic,2024-01-06 14:00:00,46
Sample message 931 about event topic,2024-01-06 16:00:00,40
Sample message 997 about event topic,2024-01-06 16:00:00,39
Sample message 792 about event topic,2024-01-06 17:00:00,4
Sample message 102 about event topic,2024-01-06 18:00:00,22
Sample message 970 about event topic,2024-01-06 18:00:00,30
Sample message 963 about event topic,2024-01-06 19:00:00,14
Sample message 669 about event topic,2024-01-06 22:00:00,41
Sample message 390 about event topic,2024-01-06 22:00:00,18
Sample message 572 about event topic,2024-01-06 23:00:00,44
Sample message 258 about event topic,2024-01-06 23:00:00,13
Sample message 232 about event topic,2024-01-06 23:00:00,45
Sample message 563 about event topic,2024-01-06 23:00:00,10
Sample message 696 about event topic,2024-01-07 00:00:00,12
Sample message 740 about event topic,2024-01-07 00:00:00,13
Sample message 889 about event topic,2024-01-07 00:00:00,25
Sample message 714 about event topic,2024-01-07 01:00:00,40
Sample message 898 about event topic,2024-01-07 01:00:00,14
Sample message 244 about event topic,2024-01-07 02:00:00,23
Sample message 245 about event topic,2024-01-07 03:00:00,22
Sample message 654 about event topic,2024-01-07 04:00:00,44
Sample message 399 about event topic,2024-01-07 05:00:00,1
Sample message 253 about event topic,2024-01-07 06:00:00,7
Sample message 571 about event topic,2024-01-07 06:00:00,28
Sample message 276 about event topic,2024-01-07 07:00:00,18
Sample message 292 about event topic,2024-01-07 08:00:00,11
Sample message 756 about event topic,2024-01-07 09:00:00,22
Sample message 452 about event topic,2024-01-07 09:00:00,31
Sample message 368 about event topic,2024-01-07 10:00:00,0
Sample message 93 about event topic,2024-01-07 12:00:00,26
Sample message 337 about event topic,2024-01-07 13:00:00,35
Sample message 149 about event topic,2024-01-07 15:00:00,46
Sample message 487 about event topic,2024-01-07 15:00:00,2
Sample message 268 about event topic,2024-01-07 15:00:00,47
Sample message 26 about event topic,2024-01-07 16:00:00,39
Sample message 355 about event topic,2024-01-07 16:00:00,33
Sample message 298 about event topic,2024-01-07 16:00:00,8
Sample message 76 about event topic,2024-01-07 17:00:00,23
Sample message 583 about event topic,2024-01-07 18:00:00,4
Sample message 295 about event topic,2024-01-07 18:00:00,36
Sample message 603 about event topic,2024-01-07 20:00:00,24
Sample message 784 about event topic,2024-01-07 21:00:00,28
Sample message 48 about event topic,2024-01-07 22:00:00,41
Sample message 622 about event topic,2024-01-07 22:00:00,39
Sample message 500 about event topic,2024-01-07 23:00:00,24
Sample message 980 about event topic,2024-01-07 23:00:00,48
Sample message 596 about event topic,2024-01-07 23:00:00,23
Sample message 597 about event topic,2024-01-08 01:00:00,2
Sample message 145 about event topic,2024-01-08 02:00:00,0
Sample message 978 about event topic,2024-01-08 03:00:00,23
Sample message 335 about event topic,2024-01-08 03:00:00,20
Sample message 629 about event topic,2024-01-08 04:00:00,37
Sample message 653 about event topic,2024-01-08 04:00:00,12
Sample message 954 about event topic,2024-01-08 04:00:00,21
Sample message 594 about event topic,2024-01-08 05:00:00,17
Sample message 374 about event topic,2024-01-08 07:00:00,39
Sample message 550 about event topic,2024-01-08 08:00:00,8
Sample message 717 about event topic,2024-01-08 08:00:00,27
Sample message 691 about event topic,2024-01-08 09:00:00,28
Sample message 476 about event topic,2024-01-08 11:00:00,17
Sample message 348 about event topic,2024-01-08 12:00:00,21
Sample message 621 about event topic,2024-01-08 13:00:00,14
Sample message 806 about event topic,2024-01-08 14:00:00,15
Sample message 793 about event topic,2024-01-08 15:00:00,2
Sample message 224 about event topic,2024-01-08 15:00:00,7
Sample message 578 about event topic,2024-01-08 17:00:00,40
Sample message 236 about event topic,2024-01-08 18:00:00,27
Sample message 89 about event topic,2024-01-08 19:00:00,35
Sample message 446 about event topic,2024-01-08 20:00:00,14
Sample message 641 about event topic,2024-01-08 21:00:00,12
Sample message 38 about event topic,2024-01-08 21:00:00,1
Sample message 397 about event topic,2024-01-08 21:00:00,8
Sample message 168 about event topic,2024-01-08 21:00:00,43
Sample message 536 about event topic,2024-01-08 21:00:00,48
Sample message 353 about event topic,2024-01-08 22:00:00,26
Sample message 643 about event topic,2024-01-08 22:00:00,49
Sample message 877 about event topic,2024-01-08 23:00:00,39
Sample message 24 about event topic,2024-01-08 23:00:00,7
Sample message 331 about event topic,2024-01-08 23:00:00,36
Sample message 529 about event topic,2024-01-08 23:00:00,29
Sample message 949 about event topic,2024-01-09 01:00:00,43
Sample message 600 about event topic,2024-01-09 01:00:00,37
Sample message 813 about event topic,2024-01-09 02:00:00,7
Sample message 305 about event topic,2024-01-09 02:00:00,16
Sample message 814 about event topic,2024-01-09 02:00:00,14
Sample message 517 about event topic,2024-01-09 03:00:00,31
Sample message 415 about event topic,2024-01-09 03:00:00,43
Sample message 230 about event topic,2024-01-09 05:00:00,9
Sample message 115 about event topic,2024-01-09 08:00:00,39
Sample message 697 about event topic,2024-01-09 08:00:00,45
Sample message 234 about event topic,2024-01-09 08:00:00,32
Sample message 77 about event topic,2024-01-09 09:00:00,14
Sample message 223 about event topic,2024-01-09 10:00:00,0
Sample message 657 about event topic,2024-01-09 10:00:00,23
Sample message 463 about event topic,2024-01-09 11:00:00,14
Sample message 801 about event topic,2024-01-09 12:00:00,23
Sample message 64 about event topic,2024-01-09 13:00:00,21
Sample message 769 about event topic,2024-01-09 14:00:00,28
Sample message 132 about event topic,2024-01-09 14:00:00,39
Sample message 273 about event topic,2024-01-09 15:00:00,32
Sample message 891 about event topic,2024-01-09 19:00:00,38
Sample message 656 about event topic,2024-01-09 20:00:00,5
Sample message 840 about event topic,2024-01-09 21:00:00,23
Sample message 584 about event topic,2024-01-09 22:00:00,46
Sample message 10 about event topic,2024-01-09 22:00:00,34
Sample message 862 about event topic,2024-01-09 23:00:00,10
Sample message 614 about event topic,2024-01-10 00:00:00,8
Sample message 720 about event topic,2024-01-10 00:00:00,36
Sample message 542 about event topic,2024-01-10 00:00:00,3
Sample message 88 about event topic,2024-01-10 00:00:00,30
Sample message 128 about event topic,2024-01-10 01:00:00,30
Sample message 464 about event topic,2024-01-10 01:00:00,6
Sample message 458 about event topic,2024-01-10 03:00:00,25
Sample message 336 about event topic,2024-01-10 03:00:00,41
Sample message 209 about event topic,2024-01-10 03:00:00,39
Sample message 631 about event topic,2024-01-10 03:00:00,4
Sample message 937 about event topic,2024-01-10 06:00:00,22
Sample message 477 about event topic,2024-01-10 06:00:00,41
Sample message 580 about event topic,2024-01-10 06:00:00,2
Sample message 715 about event topic,2024-01-10 07:00:00,31
Sample message 183 about event topic,2024-01-10 08:00:00,48
Sample message 960 about event topic,2024-01-10 08:00:00,9
Sample message 211 about event topic,2024-01-10 08:00:00,17
Sample message 169 about event topic,2024-01-10 08:00:00,23
Sample message 322 about event topic,2024-01-10 09:00:00,21
Sample message 660 about event topic,2024-01-10 10:00:00,39
Sample message 287 about event topic,2024-01-10 10:00:00,10
Sample message 900 about event topic,2024-01-10 11:00:00,41
Sample message 935 about event topic,2024-01-10 12:00:00,17
Sample message 770 about event topic,2024-01-10 12:00:00,28
Sample message 658 about event topic,2024-01-10 12:00:00,18
Sample message 316 about event topic,2024-01-10 13:00:00,39
Sample message 592 about event topic,2024-01-10 13:00:00,34
Sample message 884 about event topic,2024-01-10 14:00:00,40
Sample message 111 about event topic,2024-01-10 14:00:00,17
Sample message 143 about event topic,2024-01-10 14:00:00,35
Sample message 167 about event topic,2024-01-10 14:00:00,42
Sample message 896 about event topic,2024-01-10 16:00:00,45
Sample message 270 about event topic,2024-01-10 16:00:00,6
Sample message 191 about event topic,2024-01-10 16:00:00,27
Sample message 666 about event topic,2024-01-10 16:00:00,42
Sample message 830 about event topic,2024-01-10 16:00:00,6
Sample message 554 about event topic,2024-01-10 16:00:00,3
Sample message 184 about event topic,2024-01-10 17:00:00,6
Sample message 585 about event topic,2024-01-10 18:00:00,22
Sample message 764 about event topic,2024-01-10 19:00:00,34
Sample message 993 about event topic,2024-01-10 19:00:00,11
Sample message 444 about event topic,2024-01-10 20:00:00,24
Sample message 716 about event topic,2024-01-10 22:00:00,33
Sample message 841 about event topic,2024-01-10 22:00:00,7
Sample message 138 about event topic,2024-01-11 00:00:00,45
Sample message 708 about event topic,2024-01-11 01:00:00,47
Sample message 54 about event topic,2024-01-11 01:00:00,38
Sample message 932 about event topic,2024-01-11 02:00:00,41
Sample message 151 about event topic,2024-01-11 02:00:00,8
Sample message 42 about event topic,2024-01-11 03:00:00,38
Sample message 373 about event topic,2024-01-11 05:00:00,10
Sample message 221 about event topic,2024-01-11 06:00:00,37
Sample message 450 about event topic,2024-01-11 06:00:00,25
Sample message 783 about event topic,2024-01-11 08:00:00,27
Sample message 837 about event topic,2024-01-11 08:00:00,47
Sample message 757 about event topic,2024-01-11 09:00:00,25
Sample message 709 about event topic,2024-01-11 10:00:00,5
Sample message 82 about event topic,2024-01-11 11:00:00,46
Sample message 618 about event topic,2024-01-11 11:00:00,11
Sample message 852 about event topic,2024-01-11 12:00:00,30
Sample message 354 about event topic,2024-01-11 12:00:00,39
Sample message 30 about event topic,2024-01-11 12:00:00,32
Sample message 508 about event topic,2024-01-11 12:00:00,1
Sample message 701 about event topic,2024-01-11 12:00:00,16
Sample message 591 about event topic,2024-01-11 12:00:00,41
Sample message 286 about event topic,2024-01-11 13:00:00,19
Sample message 471 about event topic,2024-01-11 13:00:00,17
Sample message 264 about event topic,2024-01-11 13:00:00,36
Sample message 704 about event topic,2024-01-11 15:00:00,33
Sample message 356 about event topic,2024-01-11 15:00:00,11
Sample message 849 about event topic,2024-01-11 16:00:00,17
Sample message 485 about event topic,2024-01-11 17:00:00,44
Sample message 674 about event topic,2024-01-11 18:00:00,4
Sample message 972 about event topic,2024-01-11 18:00:00,19
Sample message 175 about event topic,2024-01-11 18:00:00,48
Sample message 976 about event topic,2024-01-11 20:00:00,43
Sample message 257 about event topic,2024-01-11 22:00:00,23
Sample message 409 about event topic,2024-01-11 23:00:00,24
Sample message 556 about event topic,2024-01-12 00:00:00,36
Sample message 197 about event topic,2024-01-12 03:00:00,12
Sample message 497 about event topic,2024-01-12 03:00:00,3
Sample message 762 about event topic,2024-01-12 03:00:00,3
Sample message 419 about event topic,2024-01-12 04:00:00,33
Sample message 78 about event topic,2024-01-12 05:00:00,28
Sample message 2 about event topic,2024-01-12 06:00:00,21
Sample message 79 about event topic,2024-01-12 06:00:00,7
Sample message 445 about event topic,2024-01-12 07:00:00,11
Sample message 883 about event topic,2024-01-12 08:00:00,32
Sample message 543 about event topic,2024-01-12 08:00:00,17
Sample message 874 about event topic,2024-01-12 09:00:00,19
Sample message 49 about event topic,2024-01-12 09:00:00,14
Sample message 525 about event topic,2024-01-12 12:00:00,15
Sample message 25 about event topic,2024-01-12 12:00:00,38
Sample message 301 about event topic,2024-01-12 12:00:00,34
Sample message 323 about event topic,2024-01-12 12:00:00,42
Sample message 920 about event topic,2024-01-12 12:00:00,19
Sample message 541 about event topic,2024-01-12 14:00:00,49
Sample message 344 about event topic,2024-01-12 15:00:00,37
Sample message 228 about event topic,2024-01-12 15:00:00,31
Sample message 812 about event topic,2024-01-12 16:00:00,28
Sample message 912 about event topic,2024-01-12 17:00:00,31
Sample message 718 about event topic,2024-01-12 17:00:00,14
Sample message 320 about event topic,2024-01-12 18:00:00,38
Sample message 172 about event topic,2024-01-12 18:00:00,5
Sample message 325 about event topic,2024-01-12 19:00:00,3
Sample message 457 about event topic,2024-01-12 20:00:00,22
Sample message 503 about event topic,2024-01-12 20:00:00,32
Sample message 365 about event topic,2024-01-12 23:00:00,45
Sample message 470 about event topic,2024-01-13 00:00:00,28
Sample message 917 about event topic,2024-01-13 00:00:00,7
Sample message 108 about event topic,2024-01-13 00:00:00,25
Sample message 227 about event topic,2024-01-13 05:00:00,2
Sample message 84 about event topic,2024-01-13 07:00:00,11
Sample message 255 about event topic,2024-01-13 09:00:00,34
Sample message 955 about event topic,2024-01-13 11:00:00,36
Sample message 615 about event topic,2024-01-13 12:00:00,2
Sample message 507 about event topic,2024-01-13 13:00:00,43
Sample message 347 about event topic,2024-01-13 13:00:00,41
Sample message 855 about event topic,2024-01-13 14:00:00,10
Sample message 768 about event topic,2024-01-13 14:00:00,14
Sample message 263 about event topic,2024-01-13 15:00:00,3
Sample message 403 about event topic,2024-01-13 16:00:00,16
Sample message 667 about event topic,2024-01-13 16:00:00,44
Sample message 777 about event topic,2024-01-13 17:00:00,21
Sample message 761 about event topic,2024-01-13 17:00:00,28
Sample message 782 about event topic,2024-01-13 19:00:00,43
Sample message 19 about event topic,2024-01-13 20:00:00,44
Sample message 868 about event topic,2024-01-13 23:00:00,45
Sample message 28 about event topic,2024-01-14 01:00:00,31
Sample message 400 about event topic,2024-01-14 01:00:00,8
Sample message 915 about event topic,2024-01-14 02:00:00,11
Sample message 690 about event topic,2024-01-14 03:00:00,12
Sample message 52 about event topic,2024-01-14 03:00:00,32
Sample message 992 about event topic,2024-01-14 05:00:00,41
Sample message 181 about event topic,2024-01-14 05:00:00,49
Sample message 984 about event topic,2024-01-14 06:00:00,33
Sample message 913 about event topic,2024-01-14 07:00:00,40
Sample message 968 about event topic,2024-01-14 07:00:00,29
Sample message 983 about event topic,2024-01-14 08:00:00,35
Sample message 385 about event topic,2024-01-14 08:00:00,4
Sample message 939 about event topic,2024-01-14 09:00:00,12
Sample message 357 about event topic,2024-01-14 10:00:00,44
Sample message 362 about event topic,2024-01-14 10:00:00,25
Sample message 481 about event topic,2024-01-14 12:00:00,30
Sample message 237 about event topic,2024-01-14 13:00:00,31
Sample message 957 about event topic,2024-01-14 13:00:00,40
Sample message 613 about event topic,2024-01-14 14:00:00,28
Sample message 986 about event topic,2024-01-14 16:00:00,1
Sample message 678 about event topic,2024-01-14 17:00:00,22
Sample message 795 about event topic,2024-01-14 17:00:00,37
Sample message 11 about event topic,2024-01-14 18:00:00,20
Sample message 162 about event topic,2024-01-14 18:00:00,17
Sample message 994 about event topic,2024-01-14 21:00:00,2
Sample message 786 about event topic,2024-01-14 22:00:00,46
Sample message 779 about event topic,2024-01-14 22:00:00,26
Sample message 484 about event topic,2024-01-14 23:00:00,43
Sample message 847 about event topic,2024-01-15 00:00:00,17
Sample message 86 about event topic,2024-01-15 01:00:00,1
Sample message 250 about event topic,2024-01-15 01:00:00,32
Sample message 293 about event topic,2024-01-15 01:00:00,19
Sample message 605 about event topic,2024-01-15 02:00:00,3
Sample message 57 about event topic,2024-01-15 03:00:00,28
Sample message 161 about event topic,2024-01-15 03:00:00,6
Sample message 467 about event topic,2024-01-15 04:00:00,7
Sample message 546 about event topic,2024-01-15 05:00:00,47
Sample message 402 about event topic,2024-01-15 05:00:00,39
Sample message 609 about event topic,2024-01-15 05:00:00,10
Sample message 20 about event topic,2024-01-15 07:00:00,41
Sample message 97 about event topic,2024-01-15 07:00:00,9
Sample message 55 about event topic,2024-01-15 09:00:00,26
Sample message 259 about event topic,2024-01-15 09:00:00,31
Sample message 429 about event topic,2024-01-15 09:00:00,11
Sample message 242 about event topic,2024-01-15 09:00:00,0
Sample message 832 about event topic,2024-01-15 09:00:00,43
Sample message 640 about event topic,2024-01-15 11:00:00,4
Sample message 165 about event topic,2024-01-15 11:00:00,26
Sample message 685 about event topic,2024-01-15 11:00:00,30
Sample message 752 about event topic,2024-01-15 11:00:00,46
Sample message 345 about event topic,2024-01-15 12:00:00,11
Sample message 239 about event topic,2024-01-15 12:00:00,6
Sample message 926 about event topic,2024-01-15 13:00:00,3
Sample message 928 about event topic,2024-01-15 13:00:00,21
Sample message 843 about event topic,2024-01-15 13:00:00,12
Sample message 416 about event topic,2024-01-15 13:00:00,43
Sample message 392 about event topic,2024-01-15 17:00:00,42
Sample message 472 about event topic,2024-01-15 20:00:00,30
Sample message 679 about event topic,2024-01-15 21:00:00,41
Sample message 176 about event topic,2024-01-15 22:00:00,28
Sample message 810 about event topic,2024-01-15 23:00:00,24
Sample message 637 about event topic,2024-01-16 00:00:00,47
Sample message 872 about event topic,2024-01-16 02:00:00,21
Sample message 608 about event topic,2024-01-16 04:00:00,33
Sample message 864 about event topic,2024-01-16 04:00:00,23
Sample message 317 about event topic,2024-01-16 04:00:00,1
Sample message 562 about event topic,2024-01-16 06:00:00,23
Sample message 59 about event topic,2024-01-16 06:00:00,32
Sample message 538 about event topic,2024-01-16 08:00:00,44
Sample message 905 about event topic,2024-01-16 08:00:00,2
Sample message 645 about event topic,2024-01-16 08:00:00,44
Sample message 420 about event topic,2024-01-16 09:00:00,11
Sample message 14 about event topic,2024-01-16 12:00:00,18
Sample message 340 about event topic,2024-01-16 12:00:00,33
Sample message 682 about event topic,2024-01-16 12:00:00,42
Sample message 672 about event topic,2024-01-16 12:00:00,37
Sample message 712 about event topic,2024-01-16 13:00:00,6
Sample message 187 about event topic,2024-01-16 13:00:00,40
Sample message 808 about event topic,2024-01-16 13:00:00,7
Sample message 312 about event topic,2024-01-16 14:00:00,49
Sample message 995 about event topic,2024-01-16 15:00:00,44
Sample message 523 about event topic,2024-01-16 15:00:00,28
Sample message 171 about event topic,2024-01-16 16:00:00,6
Sample message 916 about event topic,2024-01-16 16:00:00,7
Sample message 109 about event topic,2024-01-16 18:00:00,12
Sample message 90 about event topic,2024-01-16 19:00:00,35
Sample message 492 about event topic,2024-01-16 19:00:00,22
Sample message 559 about event topic,2024-01-16 23:00:00,5
Sample message 170 about event topic,2024-01-17 00:00:00,24
Sample message 212 about event topic,2024-01-17 00:00:00,0
Sample message 727 about event topic,2024-01-17 00:00:00,49
Sample message 23 about event topic,2024-01-17 01:00:00,39
Sample message 370 about event topic,2024-01-17 01:00:00,25
Sample message 863 about event topic,2024-01-17 01:00:00,21
Sample message 199 about event topic,2024-01-17 01:00:00,22
Sample message 200 about event topic,2024-01-17 02:00:00,18
Sample message 639 about event topic,2024-01-17 02:00:00,27
Sample message 67 about event topic,2024-01-17 03:00:00,4
Sample message 50 about event topic,2024-01-17 03:00:00,46
Sample message 765 about event topic,2024-01-17 04:00:00,12
Sample message 702 about event topic,2024-01-17 05:00:00,39
Sample message 69 about event topic,2024-01-17 05:00:00,32
Sample message 105 about event topic,2024-01-17 07:00:00,45
Sample message 951 about event topic,2024-01-17 07:00:00,5
Sample message 303 about event topic,2024-01-17 07:00:00,43
Sample message 598 about event topic,2024-01-17 08:00:00,31
Sample message 372 about event topic,2024-01-17 08:00:00,20
Sample message 131 about event topic,2024-01-17 08:00:00,13
Sample message 433 about event topic,2024-01-17 08:00:00,7
Sample message 894 about event topic,2024-01-17 09:00:00,38
Sample message 527 about event topic,2024-01-17 09:00:00,46
Sample message 552 about event topic,2024-01-17 11:00:00,48
Sample message 566 about event topic,2024-01-17 11:00:00,24
Sample message 547 about event topic,2024-01-17 12:00:00,0
Sample message 504 about event topic,2024-01-17 12:00:00,15
Sample message 579 about event topic,2024-01-17 13:00:00,48
Sample message 300 about event topic,2024-01-17 13:00:00,43
Sample message 130 about event topic,2024-01-17 13:00:00,28
Sample message 387 about event topic,2024-01-17 15:00:00,35
Sample message 306 about event topic,2024-01-17 16:00:00,9
Sample message 766 about event topic,2024-01-17 16:00:00,40
Sample message 794 about event topic,2024-01-17 16:00:00,0
Sample message 226 about event topic,2024-01-17 16:00:00,38
Sample message 664 about event topic,2024-01-17 17:00:00,40
Sample message 74 about event topic,2024-01-17 17:00:00,35
Sample message 213 about event topic,2024-01-17 18:00:00,13
Sample message 821 about event topic,2024-01-17 18:00:00,43
Sample message 241 about event topic,2024-01-17 18:00:00,7
Sample message 275 about event topic,2024-01-17 19:00:00,20
Sample message 827 about event topic,2024-01-17 20:00:00,24
Sample message 728 about event topic,2024-01-17 20:00:00,3
Sample message 142 about event topic,2024-01-17 22:00:00,45
Sample message 119 about event topic,2024-01-17 22:00:00,35
Sample message 680 about event topic,2024-01-17 23:00:00,9
Sample message 379 about event topic,2024-01-17 23:00:00,39
Sample message 646 about event topic,2024-01-18 00:00:00,31
Sample message 958 about event topic,2024-01-18 01:00:00,2
Sample message 179 about event topic,2024-01-18 02:00:00,25
Sample message 522 about event topic,2024-01-18 04:00:00,48
Sample message 22 about event topic,2024-01-18 05:00:00,17
Sample message 670 about event topic,2024-01-18 06:00:00,35
Sample message 619 about event topic,2024-01-18 06:00:00,41
Sample message 254 about event topic,2024-01-18 06:00:00,33
Sample message 220 about event topic,2024-01-18 07:00:00,29
Sample message 499 about event topic,2024-01-18 08:00:00,21
Sample message 514 about event topic,2024-01-18 09:00:00,12
Sample message 107 about event topic,2024-01-18 10:00:00,11
Sample message 988 about event topic,2024-01-18 10:00:00,33
Sample message 283 about event topic,2024-01-18 11:00:00,0
Sample message 524 about event topic,2024-01-18 11:00:00,43
Sample message 284 about event topic,2024-01-18 13:00:00,46
Sample message 775 about event topic,2024-01-18 13:00:00,13
Sample message 604 about event topic,2024-01-18 13:00:00,8
Sample message 908 about event topic,2024-01-18 16:00:00,5
Sample message 495 about event topic,2024-01-18 18:00:00,14
Sample message 61 about event topic,2024-01-18 19:00:00,26
Sample message 466 about event topic,2024-01-18 23:00:00,47
Sample message 454 about event topic,2024-01-19 02:00:00,15
Sample message 953 about event topic,2024-01-19 02:00:00,18
Sample message 773 about event topic,2024-01-19 02:00:00,1
Sample message 780 about event topic,2024-01-19 02:00:00,2
Sample message 1 about event topic,2024-01-19 03:00:00,39
Sample message 918 about event topic,2024-01-19 04:00:00,49
Sample message 733 about event topic,2024-01-19 04:00:00,16
Sample message 319 about event topic,2024-01-19 05:00:00,24
Sample message 759 about event topic,2024-01-19 05:00:00,45
Sample message 222 about event topic,2024-01-19 06:00:00,3
Sample message 663 about event topic,2024-01-19 08:00:00,47
Sample message 948 about event topic,2024-01-19 08:00:00,31
Sample message 195 about event topic,2024-01-19 09:00:00,0
Sample message 479 about event topic,2024-01-19 09:00:00,16
Sample message 914 about event topic,2024-01-19 10:00:00,49
Sample message 407 about event topic,2024-01-19 11:00:00,39
Sample message 620 about event topic,2024-01-19 12:00:00,8
Sample message 553 about event topic,2024-01-19 12:00:00,23
Sample message 748 about event topic,2024-01-19 13:00:00,28
Sample message 927 about event topic,2024-01-19 13:00:00,5
Sample message 448 about event topic,2024-01-19 14:00:00,40
Sample message 781 about event topic,2024-01-19 14:00:00,16
Sample message 749 about event topic,2024-01-19 16:00:00,10
Sample message 706 about event topic,2024-01-19 17:00:00,44
Sample message 800 about event topic,2024-01-19 17:00:00,24
Sample message 628 about event topic,2024-01-19 18:00:00,14
Sample message 462 about event topic,2024-01-19 20:00:00,13
Sample message 266 about event topic,2024-01-19 20:00:00,13
Sample message 327 about event topic,2024-01-19 20:00:00,28
Sample message 557 about event topic,2024-01-19 22:00:00,36
Sample message 60 about event topic,2024-01-19 22:00:00,36
Sample message 636 about event topic,2024-01-19 23:00:00,36
Sample message 178 about event topic,2024-01-19 23:00:00,21
Sample message 80 about event topic,2024-01-19 23:00:00,4
Sample message 743 about event topic,2024-01-20 00:00:00,11
Sample message 528 about event topic,2024-01-20 00:00:00,9
Sample message 738 about event topic,2024-01-20 01:00:00,17
Sample message 996 about event topic,2024-01-20 02:00:00,17
Sample message 12 about event topic,2024-01-20 02:00:00,36
Sample message 310 about event topic,2024-01-20 03:00:00,31
Sample message 27 about event topic,2024-01-20 03:00:00,13
Sample message 698 about event topic,2024-01-20 04:00:00,26
Sample message 135 about event topic,2024-01-20 04:00:00,10
Sample message 722 about event topic,2024-01-20 04:00:00,21
Sample message 125 about event topic,2024-01-20 05:00:00,41
Sample message 81 about event topic,2024-01-20 05:00:00,28
Sample message 238 about event topic,2024-01-20 07:00:00,49
Sample message 823 about event topic,2024-01-20 09:00:00,2
Sample message 9 about event topic,2024-01-20 10:00:00,29
Sample message 940 about event topic,2024-01-20 11:00:00,24
Sample message 568 about event topic,2024-01-20 12:00:00,3
Sample message 311 about event topic,2024-01-20 13:00:00,16
Sample message 902 about event topic,2024-01-20 13:00:00,48
Sample message 676 about event topic,2024-01-20 14:00:00,44
Sample message 389 about event topic,2024-01-20 14:00:00,19
Sample message 100 about event topic,2024-01-20 15:00:00,5
Sample message 190 about event topic,2024-01-20 15:00:00,21
Sample message 290 about event topic,2024-01-20 16:00:00,2
Sample message 166 about event topic,2024-01-20 16:00:00,16
Sample message 252 about event topic,2024-01-20 16:00:00,46
Sample message 465 about event topic,2024-01-20 17:00:00,8
Sample message 430 about event topic,2024-01-20 17:00:00,15
Sample message 886 about event topic,2024-01-20 17:00:00,29
Sample message 859 about event topic,2024-01-20 17:00:00,37
Sample message 488 about event topic,2024-01-20 18:00:00,36
Sample message 32 about event topic,2024-01-20 18:00:00,14
Sample message 730 about event topic,2024-01-20 19:00:00,16
Sample message 36 about event topic,2024-01-20 19:00:00,32
Sample message 635 about event topic,2024-01-20 19:00:00,5
Sample message 376 about event topic,2024-01-20 20:00:00,35
Sample message 338 about event topic,2024-01-20 20:00:00,40
Sample message 72 about event topic,2024-01-20 20:00:00,30
Sample message 326 about event topic,2024-01-21 00:00:00,25
Sample message 785 about event topic,2024-01-21 00:00:00,20
Sample message 569 about event topic,2024-01-21 03:00:00,7
Sample message 141 about event topic,2024-01-21 04:00:00,25
Sample message 45 about event topic,2024-01-21 04:00:00,2
Sample message 879 about event topic,2024-01-21 04:00:00,49
Sample message 443 about event topic,2024-01-21 07:00:00,17
Sample message 750 about event topic,2024-01-21 07:00:00,32
Sample message 247 about event topic,2024-01-21 08:00:00,46
Sample message 369 about event topic,2024-01-21 09:00:00,35
Sample message 110 about event topic,2024-01-21 09:00:00,39
Sample message 590 about event topic,2024-01-21 11:00:00,48
Sample message 21 about event topic,2024-01-21 11:00:00,24
Sample message 91 about event topic,2024-01-21 12:00:00,25
Sample message 520 about event topic,2024-01-21 12:00:00,45
Sample message 607 about event topic,2024-01-21 15:00:00,36
Sample message 194 about event topic,2024-01-21 16:00:00,6
Sample message 346 about event topic,2024-01-21 16:00:00,22
Sample message 486 about event topic,2024-01-21 16:00:00,33
Sample message 509 about event topic,2024-01-21 18:00:00,34
Sample message 103 about event topic,2024-01-21 18:00:00,46
Sample message 610 about event topic,2024-01-21 19:00:00,40
Sample message 518 about event topic,2024-01-21 20:00:00,34
Sample message 695 about event topic,2024-01-21 21:00:00,31
Sample message 118 about event topic,2024-01-21 22:00:00,43
Sample message 923 about event topic,2024-01-21 22:00:00,10
Sample message 129 about event topic,2024-01-21 22:00:00,8
Sample message 946 about event topic,2024-01-21 23:00:00,7
Sample message 302 about event topic,2024-01-21 23:00:00,21
Sample message 642 about event topic,2024-01-22 00:00:00,16
Sample message 43 about event topic,2024-01-22 00:00:00,5
Sample message 381 about event topic,2024-01-22 01:00:00,33
Sample message 561 about event topic,2024-01-22 01:00:00,45
Sample message 875 about event topic,2024-01-22 01:00:00,32
Sample message 164 about event topic,2024-01-22 01:00:00,33
Sample message 796 about event topic,2024-01-22 03:00:00,14
Sample message 644 about event topic,2024-01-22 03:00:00,39
Sample message 873 about event topic,2024-01-22 03:00:00,27
Sample message 62 about event topic,2024-01-22 04:00:00,32
Sample message 198 about event topic,2024-01-22 05:00:00,29
Sample message 289 about event topic,2024-01-22 05:00:00,1
Sample message 243 about event topic,2024-01-22 06:00:00,2
Sample message 612 about event topic,2024-01-22 06:00:00,27
Sample message 971 about event topic,2024-01-22 06:00:00,23
Sample message 726 about event topic,2024-01-22 06:00:00,35
Sample message 34 about event topic,2024-01-22 06:00:00,24
Sample message 231 about event topic,2024-01-22 06:00:00,18
Sample message 386 about event topic,2024-01-22 07:00:00,32
Sample message 333 about event topic,2024-01-22 07:00:00,5
Sample message 671 about event topic,2024-01-22 08:00:00,26
Sample message 437 about event topic,2024-01-22 08:00:00,22
Sample message 828 about event topic,2024-01-22 08:00:00,29
Sample message 329 about event topic,2024-01-22 11:00:00,33
Sample message 925 about event topic,2024-01-22 11:00:00,15
Sample message 482 about event topic,2024-01-22 11:00:00,23
Sample message 601 about event topic,2024-01-22 12:00:00,12
Sample message 910 about event topic,2024-01-22 13:00:00,38
Sample message 341 about event topic,2024-01-22 13:00:00,16
Sample message 729 about event topic,2024-01-22 13:00:00,26
Sample message 593 about event topic,2024-01-22 14:00:00,49
Sample message 809 about event topic,2024-01-22 15:00:00,45
Sample message 96 about event topic,2024-01-22 16:00:00,10
Sample message 474 about event topic,2024-01-22 17:00:00,38
Sample message 831 about event topic,2024-01-22 19:00:00,16
Sample message 540 about event topic,2024-01-22 20:00:00,29
Sample message 890 about event topic,2024-01-22 20:00:00,21
Sample message 148 about event topic,2024-01-22 20:00:00,20
Sample message 380 about event topic,2024-01-22 20:00:00,34
Sample message 668 about event topic,2024-01-22 21:00:00,24
Sample message 866 about event topic,2024-01-22 21:00:00,16
Sample message 858 about event topic,2024-01-22 21:00:00,32
Sample message 625 about event topic,2024-01-23 02:00:00,10
Sample message 662 about event topic,2024-01-23 03:00:00,32
Sample message 961 about event topic,2024-01-23 03:00:00,34
Sample message 826 about event topic,2024-01-23 05:00:00,14
Sample message 888 about event topic,2024-01-23 08:00:00,12
Sample message 378 about event topic,2024-01-23 09:00:00,38
Sample message 692 about event topic,2024-01-23 11:00:00,11
Sample message 146 about event topic,2024-01-23 12:00:00,39
Sample message 787 about event topic,2024-01-23 13:00:00,15
Sample message 933 about event topic,2024-01-23 14:00:00,13
Sample message 493 about event topic,2024-01-23 16:00:00,43
Sample message 798 about event topic,2024-01-23 17:00:00,34
Sample message 834 about event topic,2024-01-23 17:00:00,35
Sample message 330 about event topic,2024-01-23 18:00:00,22
Sample message 123 about event topic,2024-01-23 18:00:00,36
Sample message 999 about event topic,2024-01-23 18:00:00,14
Sample message 700 about event topic,2024-01-23 18:00:00,40
Sample message 936 about event topic,2024-01-23 19:00:00,11
Sample message 532 about event topic,2024-01-23 19:00:00,19
Sample message 969 about event topic,2024-01-23 21:00:00,20
Sample message 987 about event topic,2024-01-23 21:00:00,14
Sample message 249 about event topic,2024-01-23 22:00:00,2
Sample message 755 about event topic,2024-01-23 22:00:00,10
Sample message 468 about event topic,2024-01-23 22:00:00,49
Sample message 907 about event topic,2024-01-24 01:00:00,8
Sample message 134 about event topic,2024-01-24 01:00:00,21
Sample message 650 about event topic,2024-01-24 03:00:00,33
Sample message 75 about event topic,2024-01-24 03:00:00,44
Sample message 502 about event topic,2024-01-24 03:00:00,17
Sample message 160 about event topic,2024-01-24 03:00:00,1
Sample message 155 about event topic,2024-01-24 04:00:00,34
Sample message 699 about event topic,2024-01-24 05:00:00,48
Sample message 964 about event topic,2024-01-24 06:00:00,32
Sample message 441 about event topic,2024-01-24 07:00:00,7
Sample message 31 about event topic,2024-01-24 08:00:00,22
Sample message 66 about event topic,2024-01-24 09:00:00,9
Sample message 789 about event topic,2024-01-24 10:00:00,19
Sample message 318 about event topic,2024-01-24 10:00:00,44
Sample message 40 about event topic,2024-01-24 10:00:00,39
Sample message 560 about event topic,2024-01-24 11:00:00,38
Sample message 196 about event topic,2024-01-24 11:00:00,31
Sample message 139 about event topic,2024-01-24 11:00:00,36
Sample message 56 about event topic,2024-01-24 12:00:00,35
Sample message 735 about event topic,2024-01-24 12:00:00,0
Sample message 570 about event topic,2024-01-24 12:00:00,19
Sample message 360 about event topic,2024-01-24 13:00:00,44
Sample message 210 about event topic,2024-01-24 13:00:00,18
Sample message 70 about event topic,2024-01-24 13:00:00,37
Sample message 673 about event topic,2024-01-24 13:00:00,6
Sample message 41 about event topic,2024-01-24 14:00:00,39
Sample message 573 about event topic,2024-01-24 16:00:00,45
Sample message 401 about event topic,2024-01-24 17:00:00,8
Sample message 361 about event topic,2024-01-24 17:00:00,16
Sample message 411 about event topic,2024-01-24 19:00:00,34
Sample message 261 about event topic,2024-01-24 19:00:00,42
Sample message 846 about event topic,2024-01-24 20:00:00,20
Sample message 947 about event topic,2024-01-24 21:00:00,28
Sample message 120 about event topic,2024-01-24 21:00:00,47
Sample message 156 about event topic,2024-01-24 21:00:00,24
Sample message 396 about event topic,2024-01-24 22:00:00,33
Sample message 137 about event topic,2024-01-24 22:00:00,0
Sample message 498 about event topic,2024-01-25 00:00:00,28
Sample message 153 about event topic,2024-01-25 01:00:00,25
Sample message 771 about event topic,2024-01-25 01:00:00,10
Sample message 299 about event topic,2024-01-25 03:00:00,33
Sample message 893 about event topic,2024-01-25 03:00:00,37
Sample message 991 about event topic,2024-01-25 04:00:00,38
Sample message 449 about event topic,2024-01-25 04:00:00,44
Sample message 922 about event topic,2024-01-25 05:00:00,6
Sample message 281 about event topic,2024-01-25 10:00:00,17
Sample message 998 about event topic,2024-01-25 11:00:00,20
Sample message 587 about event topic,2024-01-25 11:00:00,8
Sample message 104 about event topic,2024-01-25 16:00:00,25
Sample message 703 about event topic,2024-01-25 17:00:00,30
Sample message 906 about event topic,2024-01-25 18:00:00,5
Sample message 982 about event topic,2024-01-25 19:00:00,40
Sample message 545 about event topic,2024-01-25 19:00:00,24
Sample message 51 about event topic,2024-01-26 00:00:00,28
Sample message 442 about event topic,2024-01-26 00:00:00,24
Sample message 513 about event topic,2024-01-26 01:00:00,12
Sample message 427 about event topic,2024-01-26 03:00:00,48
Sample message 824 about event topic,2024-01-26 03:00:00,19
Sample message 512 about event topic,2024-01-26 04:00:00,29
Sample message 989 about event topic,2024-01-26 05:00:00,35
Sample message 945 about event topic,2024-01-26 05:00:00,44
Sample message 349 about event topic,2024-01-26 06:00:00,20
Sample message 929 about event topic,2024-01-26 06:00:00,25
Sample message 506 about event topic,2024-01-26 06:00:00,41
Sample message 480 about event topic,2024-01-26 07:00:00,13
Sample message 189 about event topic,2024-01-26 07:00:00,19
Sample message 324 about event topic,2024-01-26 08:00:00,45
Sample message 233 about event topic,2024-01-26 08:00:00,33
Sample message 229 about event topic,2024-01-26 09:00:00,9
Sample message 723 about event topic,2024-01-26 09:00:00,3
Sample message 256 about event topic,2024-01-26 10:00:00,31
Sample message 551 about event topic,2024-01-26 11:00:00,14
Sample message 469 about event topic,2024-01-26 11:00:00,22
Sample message 496 about event topic,2024-01-26 12:00:00,48
Sample message 202 about event topic,2024-01-26 12:00:00,29
Sample message 124 about event topic,2024-01-26 12:00:00,7
Sample message 909 about event topic,2024-01-26 12:00:00,8
Sample message 408 about event topic,2024-01-26 12:00:00,41
Sample message 985 about event topic,2024-01-26 12:00:00,35
Sample message 7 about event topic,2024-01-26 14:00:00,36
Sample message 516 about event topic,2024-01-26 16:00:00,31
Sample message 159 about event topic,2024-01-26 19:00:00,37
Sample message 412 about event topic,2024-01-26 19:00:00,2
Sample message 904 about event topic,2024-01-26 22:00:00,10
Sample message 871 about event topic,2024-01-26 22:00:00,15
Sample message 924 about event topic,2024-01-26 23:00:00,19
Sample message 260 about event topic,2024-01-26 23:00:00,45
Sample message 767 about event topic,2024-01-26 23:00:00,38
Sample message 282 about event topic,2024-01-27 00:00:00,1
Sample message 203 about event topic,2024-01-27 00:00:00,28
Sample message 851 about event topic,2024-01-27 00:00:00,46
Sample message 364 about event topic,2024-01-27 01:00:00,27
Sample message 519 about event topic,2024-01-27 01:00:00,38
Sample message 280 about event topic,2024-01-27 03:00:00,28
Sample message 174 about event topic,2024-01-27 03:00:00,32
Sample message 878 about event topic,2024-01-27 06:00:00,31
Sample message 173 about event topic,2024-01-27 08:00:00,23
Sample message 599 about event topic,2024-01-27 09:00:00,34
Sample message 581 about event topic,2024-01-27 09:00:00,5
Sample message 819 about event topic,2024-01-27 09:00:00,2
Sample message 436 about event topic,2024-01-27 09:00:00,16
Sample message 421 about event topic,2024-01-27 11:00:00,18
Sample message 439 about event topic,2024-01-27 13:00:00,15
Sample message 214 about event topic,2024-01-27 13:00:00,46
Sample message 632 about event topic,2024-01-27 13:00:00,47
Sample message 856 about event topic,2024-01-27 14:00:00,44
Sample message 367 about event topic,2024-01-27 14:00:00,42
Sample message 307 about event topic,2024-01-27 15:00:00,29
Sample message 248 about event topic,2024-01-27 15:00:00,36
Sample message 163 about event topic,2024-01-27 15:00:00,26
Sample message 251 about event topic,2024-01-27 16:00:00,27
Sample message 434 about event topic,2024-01-27 16:00:00,30
Sample message 981 about event topic,2024-01-27 17:00:00,31
Sample message 208 about event topic,2024-01-27 17:00:00,15
Sample message 126 about event topic,2024-01-27 18:00:00,48
Sample message 732 about event topic,2024-01-27 20:00:00,21
Sample message 829 about event topic,2024-01-27 20:00:00,13
Sample message 956 about event topic,2024-01-27 20:00:00,31
Sample message 943 about event topic,2024-01-27 21:00:00,45
Sample message 157 about event topic,2024-01-27 21:00:00,25
Sample message 46 about event topic,2024-01-27 22:00:00,6
Sample message 606 about event topic,2024-01-27 23:00:00,13
Sample message 99 about event topic,2024-01-27 23:00:00,37
Sample message 688 about event topic,2024-01-27 23:00:00,1
Sample message 180 about event topic,2024-01-28 00:00:00,27
Sample message 977 about event topic,2024-01-28 01:00:00,19
Sample message 265 about event topic,2024-01-28 03:00:00,20
Sample message 595 about event topic,2024-01-28 04:00:00,16
Sample message 630 about event topic,2024-01-28 04:00:00,7
Sample message 967 about event topic,2024-01-28 05:00:00,48
Sample message 388 about event topic,2024-01-28 05:00:00,46
Sample message 144 about event topic,2024-01-28 06:00:00,22
Sample message 418 about event topic,2024-01-28 07:00:00,37
Sample message 675 about event topic,2024-01-28 07:00:00,42
Sample message 453 about event topic,2024-01-28 07:00:00,9
Sample message 611 about event topic,2024-01-28 08:00:00,2
Sample message 425 about event topic,2024-01-28 08:00:00,16
Sample message 586 about event topic,2024-01-28 09:00:00,48
Sample message 328 about event topic,2024-01-28 10:00:00,44
Sample message 272 about event topic,2024-01-28 10:00:00,6
Sample message 478 about event topic,2024-01-28 10:00:00,38
Sample message 424 about event topic,2024-01-28 10:00:00,48
Sample message 661 about event topic,2024-01-28 10:00:00,27
Sample message 634 about event topic,2024-01-28 11:00:00,17
Sample message 240 about event topic,2024-01-28 11:00:00,28
Sample message 18 about event topic,2024-01-28 13:00:00,24
Sample message 919 about event topic,2024-01-28 13:00:00,27
Sample message 535 about event topic,2024-01-28 14:00:00,29
Sample message 805 about event topic,2024-01-28 14:00:00,43
Sample message 366 about event topic,2024-01-28 14:00:00,1
Sample message 534 about event topic,2024-01-28 15:00:00,0
Sample message 16 about event topic,2024-01-28 15:00:00,25
Sample message 930 about event topic,2024-01-28 15:00:00,2
Sample message 186 about event topic,2024-01-28 15:00:00,19
Sample message 489 about event topic,2024-01-28 15:00:00,42
Sample message 394 about event topic,2024-01-28 16:00:00,44
Sample message 865 about event topic,2024-01-28 17:00:00,40
Sample message 815 about event topic,2024-01-28 18:00:00,26
Sample message 681 about event topic,2024-01-28 19:00:00,31
Sample message 423 about event topic,2024-01-28 21:00:00,43
Sample message 314 about event topic,2024-01-28 21:00:00,13
Sample message 652 about event topic,2024-01-28 23:00:00,26
Sample message 817 about event topic,2024-01-28 23:00:00,49
Sample message 188 about event topic,2024-01-28 23:00:00,48
Sample message 218 about event topic,2024-01-28 23:00:00,48
Sample message 279 about event topic,2024-01-29 00:00:00,35
Sample message 973 about event topic,2024-01-29 00:00:00,36
Sample message 758 about event topic,2024-01-29 01:00:00,33
Sample message 491 about event topic,2024-01-29 02:00:00,25
Sample message 106 about event topic,2024-01-29 02:00:00,42
Sample message 526 about event topic,2024-01-29 03:00:00,43
Sample message 686 about event topic,2024-01-29 03:00:00,17
Sample message 659 about event topic,2024-01-29 03:00:00,15
Sample message 182 about event topic,2024-01-29 04:00:00,20
Sample message 736 about event topic,2024-01-29 04:00:00,21
Sample message 297 about event topic,2024-01-29 08:00:00,29
Sample message 377 about event topic,2024-01-29 09:00:00,48
Sample message 35 about event topic,2024-01-29 09:00:00,16
Sample message 405 about event topic,2024-01-29 09:00:00,24
Sample message 154 about event topic,2024-01-29 09:00:00,40
Sample message 825 about event topic,2024-01-29 09:00:00,45
Sample message 185 about event topic,2024-01-29 11:00:00,16
Sample message 122 about event topic,2024-01-29 11:00:00,4
Sample message 217 about event topic,2024-01-29 11:00:00,27
Sample message 651 about event topic,2024-01-29 12:00:00,39
Sample message 746 about event topic,2024-01-29 12:00:00,11
Sample message 383 about event topic,2024-01-29 12:00:00,23
Sample message 363 about event topic,2024-01-29 13:00:00,20
Sample message 39 about event topic,2024-01-29 14:00:00,13
Sample message 309 about event topic,2024-01-29 15:00:00,22
Sample message 530 about event topic,2024-01-29 16:00:00,24
Sample message 721 about event topic,2024-01-29 16:00:00,28
Sample message 490 about event topic,2024-01-29 17:00:00,39
Sample message 974 about event topic,2024-01-29 17:00:00,3
Sample message 136 about event topic,2024-01-29 18:00:00,22
Sample message 494 about event topic,2024-01-29 18:00:00,38
Sample message 404 about event topic,2024-01-29 19:00:00,0
Sample message 192 about event topic,2024-01-29 19:00:00,39
Sample message 911 about event topic,2024-01-29 19:00:00,30
Sample message 853 about event topic,2024-01-29 19:00:00,37
Sample message 576 about event topic,2024-01-29 20:00:00,33
Sample message 539 about event topic,2024-01-29 22:00:00,13
Sample message 811 about event topic,2024-01-29 23:00:00,16
Sample message 456 about event topic,2024-01-30 00:00:00,16
Sample message 395 about event topic,2024-01-30 01:00:00,42
Sample message 689 about event topic,2024-01-30 01:00:00,13
Sample message 548 about event topic,2024-01-30 02:00:00,45
Sample message 205 about event topic,2024-01-30 02:00:00,44
Sample message 867 about event topic,2024-01-30 02:00:00,11
Sample message 150 about event topic,2024-01-30 02:00:00,8
Sample message 351 about event topic,2024-01-30 03:00:00,30
Sample message 37 about event topic,2024-01-30 03:00:00,46
Sample message 5 about event topic,2024-01-30 04:00:00,10
Sample message 83 about event topic,2024-01-30 05:00:00,3
Sample message 73 about event topic,2024-01-30 06:00:00,46
Sample message 776 about event topic,2024-01-30 07:00:00,19
Sample message 694 about event topic,2024-01-30 07:00:00,1
Sample message 447 about event topic,2024-01-30 07:00:00,25
Sample message 294 about event topic,2024-01-30 09:00:00,4
Sample message 705 about event topic,2024-01-30 12:00:00,23
Sample message 731 about event topic,2024-01-30 12:00:00,11
Sample message 921 about event topic,2024-01-30 13:00:00,46
Sample message 177 about event topic,2024-01-30 13:00:00,42
Sample message 219 about event topic,2024-01-30 13:00:00,49
Sample message 246 about event topic,2024-01-30 14:00:00,7
Sample message 881 about event topic,2024-01-30 17:00:00,1
Sample message 737 about event topic,2024-01-30 17:00:00,25
Sample message 624 about event topic,2024-01-30 17:00:00,4
Sample message 950 about event topic,2024-01-30 18:00:00,17
Sample message 747 about event topic,2024-01-30 20:00:00,6
Sample message 558 about event topic,2024-01-30 21:00:00,42
Sample message 854 about event topic,2024-01-30 22:00:00,31
Sample message 85 about event topic,2024-01-30 23:00:00,44
Sample message 296 about event topic,2024-01-30 23:00:00,37
